Workbook

Sheet achievement_scores
A1: Glasgow Rose | B1: Pink | C1: Green | D1: White | E1: Black | F1: Blue | G1: Red | H1: Gold | I1: Purple
A2: Compound WA18 | B2: =_xlfn.FLOOR.MATH(reference_scores!B6,5) -> 365 | C2: =_xlfn.FLOOR.MATH(reference_scores!C6,5) -> 430 | D2: =_xlfn.FLOOR.MATH(reference_scores!D6,5) -> 480 | E2: =_xlfn.FLOOR.MATH(reference_scores!E6,5) -> 515 | F2: =_xlfn.FLOOR.MATH(reference_scores!F6,5) -> 535 | G2: =_xlfn.FLOOR.MATH(reference_scores!G6,5) -> 550 | H2: =_xlfn.FLOOR.MATH(reference_scores!H6,5) -> 560 | I2: =_xlfn.FLOOR.MATH(reference_scores!I6,5) -> 575
A3: Recurve | B3: =_xlfn.FLOOR.MATH(reference_scores!B3,5) -> 330 | C3: =_xlfn.FLOOR.MATH(reference_scores!C3,5) -> 395 | D3: =_xlfn.FLOOR.MATH(reference_scores!D3,5) -> 450 | E3: =_xlfn.FLOOR.MATH(reference_scores!E3,5) -> 495 | F3: =_xlfn.FLOOR.MATH(reference_scores!F3,5) -> 525 | G3: =_xlfn.FLOOR.MATH(reference_scores!G3,5) -> 550 | H3: =_xlfn.FLOOR.MATH(reference_scores!H3,5) -> 570 | I3: =_xlfn.FLOOR.MATH(reference_scores!I3,5) -> 585
A4: Barebow | B4: =_xlfn.FLOOR.MATH(reference_scores!B9,5) -> 275 | C4: =_xlfn.FLOOR.MATH(reference_scores!C9,5) -> 335 | D4: =_xlfn.FLOOR.MATH(reference_scores!D9,5) -> 390 | E4: =_xlfn.FLOOR.MATH(reference_scores!E9,5) -> 435 | F4: =_xlfn.FLOOR.MATH(reference_scores!F9,5) -> 475 | G4: =_xlfn.FLOOR.MATH(reference_scores!G9,5) -> 505 | H4: =_xlfn.FLOOR.MATH(reference_scores!H9,5) -> 530 | I4: =_xlfn.FLOOR.MATH(reference_scores!I9,5) -> 550
A5: Longbow | B5: =_xlfn.FLOOR.MATH(reference_scores!B12,5) -> 80 | C5: =_xlfn.FLOOR.MATH(reference_scores!C12,5) -> 120 | D5: =_xlfn.FLOOR.MATH(reference_scores!D12,5) -> 170 | E5: =_xlfn.FLOOR.MATH(reference_scores!E12,5) -> 235 | F5: =_xlfn.FLOOR.MATH(reference_scores!F12,5) -> 300 | G5: =_xlfn.FLOOR.MATH(reference_scores!G12,5) -> 360 | H5: =_xlfn.FLOOR.MATH(reference_scores!H12,5) -> 415 | I5: =_xlfn.FLOOR.MATH(reference_scores!I12,5) -> 460

Sheet reference_scores
A1: BowType | B1: IA3 | C1: IA2 | D1: IA3 | E1: IB3 | F1: IB2 | G1: IB1 | H1: IMB | I1: IGMB
A2: Recurve (M) | B2: 378 | C2: 437 | D2: 483 | E2: 518 | F2: 546 | G2: 566 | H2: 582 | I2: 593
A3: Recurve (F) | B3: 331 | C3: 399 | D3: 454 | E3: 496 | F3: 528 | G3: 553 | H3: 572 | I3: 586
A5: Compound (M) | B5: 403 | C5: 458 | D5: 498 | E5: 527 | F5: 546 | G5: 558 | H5: 569 | I5: 581
A6: Compound (F) | B6: 369 | C6: 432 | D6: 483 | E6: 515 | F6: 537 | G6: 552 | H6: 563 | I6: 575
A8: Barebow (M) | B8: 331 | C8: 387 | D8: 433 | E8: 472 | F8: 503 | G8: 528 | H8: 549 | I8: 565
A9: Barebow (F) | B9: 276 | C9: 336 | D9: 391 | E9: 437 | F9: 475 | G9: 505 | H9: 530 | I9: 550
A11: Longbow (M) | B11: 127 | C11: 178 | D11: 240 | E11: 306 | F11: 369 | G11: 423 | H11: 466 | I11: 501
A12: Longbow (F) | B12: 84 | C12: 123 | D12: 174 | E12: 235 | F12: 301 | G12: 364 | H12: 419 | I12: 463
A14: BowType | D14: White | E14: Black | F14: Blue | G14: Red | H14: Gold | I14: Purple
A15: WA18 | D15: 500 | E15: 525 | F15: 550 | G15: 575 | H15: 585 | I15: 595
A16: WA18 Barebow | D16: 480 | E16: 500 | F16: 520 | G16: 540 | H16: 550 | I16: 560
